标题	评分	评论人数	总结	详情	链接
肖申克的救赎	9.7	2682818人评价	导演:弗兰克·德拉邦特FrankDarabont   主演:蒂姆·罗宾斯TimRobbins/...1994 / 美国 / 犯罪剧情	希望让人自由。	https://movie.douban.com/subject/1292052/
霸王别姬	9.6	1990102人评价	导演:陈凯歌KaigeChen   主演:张国荣LeslieCheung/张丰毅FengyiZha...1993 / 中国大陆中国香港 / 剧情爱情同性	风华绝代。	https://movie.douban.com/subject/1291546/
阿甘正传	9.5	2014772人评价	导演:罗伯特·泽米吉斯RobertZemeckis   主演:汤姆·汉克斯TomHanks/...1994 / 美国 / 剧情爱情	一部美国近现代史。	https://movie.douban.com/subject/1292720/
泰坦尼克号	9.4	1973886人评价	导演:詹姆斯·卡梅隆JamesCameron   主演:莱昂纳多·迪卡普里奥Leonardo...1997 / 美国墨西哥澳大利亚加拿大 / 剧情爱情灾难	失去的才是永恒的。 	https://movie.douban.com/subject/1292722/
这个杀手不太冷	9.4	2158724人评价	导演:吕克·贝松LucBesson   主演:让·雷诺JeanReno/娜塔莉·波特曼...1994 / 法国美国 / 剧情动作犯罪	怪蜀黍和小萝莉不得不说的故事。	https://movie.douban.com/subject/1295644/
美丽人生	9.6	1237031人评价	导演:罗伯托·贝尼尼RobertoBenigni   主演:罗伯托·贝尼尼RobertoBeni...1997 / 意大利 / 剧情喜剧爱情战争	最美的谎言。	https://movie.douban.com/subject/1292063/
千与千寻	9.4	2090956人评价	导演:宫崎骏HayaoMiyazaki   主演:柊瑠美RumiHîragi/入野自由Miy...2001 / 日本 / 剧情动画奇幻	最好的宫崎骏，最好的久石让。 	https://movie.douban.com/subject/1291561/
辛德勒的名单	9.6	1032052人评价	导演:史蒂文·斯皮尔伯格StevenSpielberg   主演:连姆·尼森LiamNeeson...1993 / 美国 / 剧情历史战争	拯救一个人，就是拯救整个世界。	https://movie.douban.com/subject/1295124/
盗梦空间	9.4	1927922人评价	导演:克里斯托弗·诺兰ChristopherNolan   主演:莱昂纳多·迪卡普里奥Le...2010 / 美国英国 / 剧情科幻悬疑冒险	诺兰给了我们一场无法盗取的梦。	https://movie.douban.com/subject/3541415/
星际穿越	9.4	1629774人评价	导演:克里斯托弗·诺兰ChristopherNolan   主演:马修·麦康纳MatthewMc...2014 / 美国英国加拿大 / 剧情科幻冒险	爱是一种力量，让我们超越时空感知它的存在。	https://movie.douban.com/subject/1889243/
忠犬八公的故事	9.4	1315637人评价	导演:莱塞·霍尔斯道姆LasseHallström   主演:理查·基尔RichardGer...2009 / 美国英国 / 剧情	永远都不能忘记你所爱的人。	https://movie.douban.com/subject/3011091/
楚门的世界	9.3	1549236人评价	导演:彼得·威尔PeterWeir   主演:金·凯瑞JimCarrey/劳拉·琳妮Lau...1998 / 美国 / 剧情科幻	如果再也不能见到你，祝你早安，午安，晚安。	https://movie.douban.com/subject/1292064/
海上钢琴师	9.3	1570095人评价	导演:朱塞佩·托纳多雷GiuseppeTornatore   主演:蒂姆·罗斯TimRoth/...1998 / 意大利 / 剧情音乐	每个人都要走一条自己坚定了的路，就算是粉身碎骨。 	https://movie.douban.com/subject/1292001/
三傻大闹宝莱坞	9.2	1746439人评价	导演:拉库马·希拉尼RajkumarHirani   主演:阿米尔·汗AamirKhan/卡...2009 / 印度 / 剧情喜剧爱情歌舞	英俊版憨豆，高情商版谢耳朵。	https://movie.douban.com/subject/3793023/
机器人总动员	9.3	1234535人评价	导演:安德鲁·斯坦顿AndrewStanton   主演:本·贝尔特BenBurtt/艾丽...2008 / 美国 / 科幻动画冒险	小瓦力，大人生。	https://movie.douban.com/subject/2131459/
放牛班的春天	9.3	1218082人评价	导演:克里斯托夫·巴拉蒂ChristopheBarratier   主演:让-巴蒂斯特·莫尼...2004 / 法国瑞士德国 / 剧情喜剧音乐	天籁一般的童声，是最接近上帝的存在。 	https://movie.douban.com/subject/1291549/
无间道	9.3	1248257人评价	导演:刘伟强/麦兆辉   主演:刘德华/梁朝伟/黄秋生2002 / 中国香港 / 剧情犯罪惊悚	香港电影史上永不过时的杰作。	https://movie.douban.com/subject/1307914/
疯狂动物城	9.2	1771692人评价	导演:拜伦·霍华德ByronHoward/瑞奇·摩尔RichMoore   主演:金妮弗·...2016 / 美国 / 喜剧动画冒险	迪士尼给我们营造的乌托邦就是这样，永远善良勇敢，永远出乎意料。	https://movie.douban.com/subject/25662329/
大话西游之大圣娶亲	9.2	1432304人评价	导演:刘镇伟JeffreyLau   主演:周星驰StephenChow/吴孟达ManTatNg...1995 / 中国香港中国大陆 / 喜剧爱情奇幻古装	一生所爱。	https://movie.douban.com/subject/1292213/
熔炉	9.3	871844人评价	导演:黄东赫Dong-hyukHwang   主演:孔侑YooGong/郑有美Yu-miJung/...2011 / 韩国 / 剧情	我们一路奋战不是为了改变世界，而是为了不让世界改变我们。	https://movie.douban.com/subject/5912992/
控方证人	9.6	484654人评价	导演:比利·怀尔德BillyWilder   主演:泰隆·鲍华TyronePower/玛琳·...1957 / 美国 / 剧情犯罪悬疑	比利·怀德满分作品。	https://movie.douban.com/subject/1296141/
教父	9.3	892688人评价	导演:弗朗西斯·福特·科波拉FrancisFordCoppola   主演:马龙·白兰度M...1972 / 美国 / 剧情犯罪	千万不要记恨你的对手，这样会让你失去理智。	https://movie.douban.com/subject/1291841/
当幸福来敲门	9.2	1421990人评价	导演:加布里尔·穆奇诺GabrieleMuccino   主演:威尔·史密斯WillSmith...2006 / 美国 / 剧情传记家庭	平民励志片。 	https://movie.douban.com/subject/1849031/
触不可及	9.3	1007323人评价	导演:奥利维·那卡什OlivierNakache/艾力克·托兰达EricToledano   主...2011 / 法国 / 剧情喜剧	满满温情的高雅喜剧。	https://movie.douban.com/subject/6786002/
怦然心动	9.1	1708759人评价	导演:罗伯·莱纳RobReiner   主演:玛德琳·卡罗尔MadelineCarroll/卡...2010 / 美国 / 剧情喜剧爱情	真正的幸福是来自内心深处。	https://movie.douban.com/subject/3319755/
龙猫	9.2	1181545人评价	导演:宫崎骏HayaoMiyazaki   主演:日高法子NorikoHidaka/坂本千夏Ch...1988 / 日本 / 动画奇幻冒险	人人心中都有个龙猫，童年就永远不会消失。	https://movie.douban.com/subject/1291560/
末代皇帝	9.3	802213人评价	导演:贝纳尔多·贝托鲁奇BernardoBertolucci   主演:尊龙JohnLone/陈...1987 / 英国意大利中国大陆法国 / 剧情传记历史	“不要跟我比惨，我比你更惨”再适合这部电影不过了。	https://movie.douban.com/subject/1293172/
寻梦环游记	9.1	1530633人评价	导演:李·昂克里奇LeeUnkrich/阿德里安·莫利纳AdrianMolina   主演:...2017 / 美国 / 喜剧动画奇幻音乐	死亡不是真的逝去，遗忘才是永恒的消亡。	https://movie.douban.com/subject/20495023/
蝙蝠侠：黑暗骑士	9.2	985900人评价	导演:克里斯托弗·诺兰ChristopherNolan   主演:克里斯蒂安·贝尔Christ...2008 / 美国英国 / 剧情动作科幻犯罪惊悚	无尽的黑暗。	https://movie.douban.com/subject/1851857/
活着	9.3	772671人评价	导演:张艺谋YimouZhang   主演:葛优YouGe/巩俐LiGong/姜武WuJiang1994 / 中国大陆中国香港 / 剧情历史家庭	张艺谋最好的电影。	https://movie.douban.com/subject/1292365/
哈利·波特与魔法石	9.2	1079080人评价	导演:ChrisColumbus   主演:DanielRadcliffe/EmmaWatson/RupertGrint2001 / 美国英国 / 奇幻冒险	童话世界的开端。	https://movie.douban.com/subject/1295038/
指环王3：王者无敌	9.3	745822人评价	导演:彼得·杰克逊PeterJackson   主演:伊利亚·伍德ElijahWood/西恩...2003 / 美国新西兰 / 剧情动作奇幻冒险	史诗的终章。	https://movie.douban.com/subject/1291552/
乱世佳人	9.3	643009人评价	导演:维克多·弗莱明VictorFleming/乔治·库克GeorgeCukor   主演:费...1939 / 美国 / 剧情历史爱情战争	Tomorrow is another day.	https://movie.douban.com/subject/1300267/
素媛	9.3	634407人评价	导演:李濬益Jun-ikLee   主演:薛景求Kyung-guSol/严志媛Ji-wonUhm...2013 / 韩国 / 剧情	受过伤害的人总是笑得最开心，因为他们不愿意让身边的人承受一样的痛苦。	https://movie.douban.com/subject/21937452/
飞屋环游记	9.1	1236383人评价	导演:彼特·道格特PeteDocter/鲍勃·彼德森BobPeterson   主演:爱德...2009 / 美国 / 剧情喜剧动画冒险	最后那些最无聊的事情，才是最值得怀念的。 	https://movie.douban.com/subject/2129039/
我不是药神	9.0	1958782人评价	导演:文牧野MuyeWen   主演:徐峥ZhengXu/王传君ChuanjunWang/周...2018 / 中国大陆 / 剧情喜剧	对我们国家而言，这样的电影多一部是一部。	https://movie.douban.com/subject/26752088/
摔跤吧！爸爸	9.0	1469056人评价	导演:涅提·蒂瓦里NiteshTiwari   主演:阿米尔·汗AamirKhan/法缇玛...2016 / 印度 / 剧情传记运动家庭	你不是在为你一个人战斗，你要让千千万万的女性看到女生并不是只能相夫教子。	https://movie.douban.com/subject/26387939/
何以为家	9.1	967540人评价	导演:娜丁·拉巴基NadineLabaki   主演:扎因·拉费阿Zainal-Rafeea/...2018 / 黎巴嫩美国法国塞浦路斯卡塔尔英国 / 剧情	凝视卑弱生命，用电影改变命运。	https://movie.douban.com/subject/30170448/
十二怒汉	9.4	446865人评价	导演:SidneyLumet   主演:亨利·方达HenryFonda/马丁·鲍尔萨姆Marti...1957 / 美国 / 剧情	1957年的理想主义。 	https://movie.douban.com/subject/1293182/
哈尔的移动城堡	9.1	940581人评价	导演:宫崎骏HayaoMiyazaki   主演:倍赏千惠子ChiekoBaishô/木村拓...2004 / 日本 / 动画奇幻冒险	带着心爱的人在天空飞翔。	https://movie.douban.com/subject/1308807/
少年派的奇幻漂流	9.1	1269346人评价	导演:李安AngLee   主演:苏拉·沙玛SurajSharma/伊尔凡·可汗Irrfan...2012 / 美国中国台湾英国加拿大 / 剧情奇幻冒险	瑰丽壮观、无人能及的冒险之旅。	https://movie.douban.com/subject/1929463/
鬼子来了	9.3	579148人评价	导演:姜文WenJiang   主演:姜文WenJiang/香川照之TeruyukiKagawa/...2000 / 中国大陆 / 剧情喜剧	对敌人的仁慈，就是对自己残忍。	https://movie.douban.com/subject/1291858/
猫鼠游戏	9.1	919912人评价	导演:史蒂文·斯皮尔伯格StevenSpielberg   主演:莱昂纳多·迪卡普里奥L...2002 / 美国加拿大 / 传记犯罪剧情	骗子大师和执著警探的你追我跑故事。 	https://movie.douban.com/subject/1305487/
大话西游之月光宝盒	9.0	1141359人评价	导演:刘镇伟JeffreyLau   主演:周星驰StephenChow/吴孟达ManTatNg...1995 / 中国香港中国大陆 / 喜剧爱情奇幻古装	旷古烁今。	https://movie.douban.com/subject/1299398/
天空之城	9.1	766597人评价	导演:宫崎骏HayaoMiyazaki   主演:田中真弓MayumiTanaka/横泽启子Ke...1986 / 日本 / 动画奇幻冒险	对天空的追逐，永不停止。 	https://movie.douban.com/subject/1291583/
让子弹飞	9.0	1568474人评价	导演:姜文WenJiang   主演:姜文WenJiang/葛优YouGe/周润发Yun-F...2010 / 中国大陆中国香港 / 剧情喜剧动作西部	你给我翻译翻译，神马叫做TMD的惊喜。	https://movie.douban.com/subject/3742360/
钢琴家	9.3	569648人评价	导演:罗曼·波兰斯基RomanPolanski   主演:艾德里安·布洛迪AdrienBrod...2002 / 英国法国波兰德国 / 剧情传记战争音乐	音乐能化解仇恨。	https://movie.douban.com/subject/1296736/
指环王2：双塔奇兵	9.2	696856人评价	导演:彼得·杰克逊PeterJackson   主演:伊利亚·伍德ElijahWood/西恩...2002 / 美国新西兰 / 剧情动作奇幻冒险	承前启后的史诗篇章。	https://movie.douban.com/subject/1291572/
闻香识女人	9.1	813950人评价	导演:马丁·布莱斯MartinBrest   主演:阿尔·帕西诺AlPacino/克里斯...1992 / 美国 / 剧情	史上最美的探戈。	https://movie.douban.com/subject/1298624/
天堂电影院	9.2	641288人评价	导演:朱塞佩·托纳多雷GiuseppeTornatore   主演:菲利普·努瓦雷Philipp...1988 / 意大利法国 / 剧情爱情	那些吻戏，那些青春，都在影院的黑暗里被泪水冲刷得无比清晰。	https://movie.douban.com/subject/1291828/
海蒂和爷爷	9.3	520347人评价	导演:阿兰·葛斯彭纳AlainGsponer   主演:阿努克·斯特芬AnukSteffen/...2015 / 德国瑞士 / 剧情冒险家庭	如果生活中有什么使你感到快乐，那就去做吧！不要管别人说什么。	https://movie.douban.com/subject/25958717/
罗马假日	9.1	893791人评价	导演:威廉·惠勒WilliamWyler   主演:奥黛丽·赫本AudreyHepburn/格...1953 / 美国 / 喜剧剧情爱情	爱情哪怕只有一天。	https://movie.douban.com/subject/1293839/
黑客帝国	9.1	782915人评价	导演:安迪·沃卓斯基AndyWachowski/拉娜·沃卓斯基LanaWachowski   主...1999 / 美国 / 动作科幻	视觉革命。	https://movie.douban.com/subject/1291843/
指环王1：护戒使者	9.1	786708人评价	导演:彼得·杰克逊PeterJackson   主演:伊利亚·伍德ElijahWood/西恩...2001 / 新西兰美国 / 剧情动作奇幻冒险	传说的开始。	https://movie.douban.com/subject/1291571/
大闹天宫	9.4	397593人评价	导演:万籁鸣LaimingWan   主演:邱岳峰YuefengQiu/富润生RunshengFu...1961(中国大陆)/1964(中国大陆)/1978(中国大陆) / 中国大陆 / 剧情动画奇幻古装	经典之作，历久弥新。	https://movie.douban.com/subject/1418019/
死亡诗社	9.1	659301人评价	导演:彼得·威尔PeterWeir   主演:罗宾·威廉姆斯RobinWilliams/罗伯...1989 / 美国 / 剧情	当一个死水般的体制内出现一个活跃的变数时，所有的腐臭都站在了光明的对面。	https://movie.douban.com/subject/1291548/
教父2	9.3	506641人评价	导演:弗朗西斯·福特·科波拉FrancisFordCoppola   主演:阿尔·帕西诺A...1974 / 美国 / 剧情犯罪	优雅的孤独。	https://movie.douban.com/subject/1299131/
绿皮书	8.9	1509551人评价	导演:彼得·法雷里PeterFarrelly   主演:维果·莫腾森ViggoMortensen/...2018 / 美国中国大陆 / 剧情喜剧传记音乐	去除成见，需要勇气。	https://movie.douban.com/subject/27060077/
辩护人	9.2	553234人评价	导演:杨宇硕Woo-seokYang   主演:宋康昊Kang-hoSong/金英爱Yeong-ae...2013 / 韩国 / 剧情	电影的现实意义大过电影本身。	https://movie.douban.com/subject/21937445/
狮子王	9.1	776298人评价	导演:RogerAllers/罗伯·明可夫RobMinkoff   主演:乔纳森·泰勒·托马...1994 / 美国 / 动画冒险歌舞	动物版《哈姆雷特》。	https://movie.douban.com/subject/1301753/
搏击俱乐部	9.0	791177人评价	导演:大卫·芬奇DavidFincher   主演:爱德华·诺顿EdwardNorton/布拉...1999 / 美国德国意大利 / 剧情动作悬疑惊悚	邪恶与平庸蛰伏于同一个母体，在特定的时间互相对峙。	https://movie.douban.com/subject/1292000/
饮食男女	9.2	569698人评价	导演:李安AngLee   主演:郎雄SihungLung/杨贵媚Kuei-MeiYang/吴...1994 / 中国台湾美国 / 剧情家庭	人生不能像做菜，把所有的料都准备好了才下锅。	https://movie.douban.com/subject/1291818/
美丽心灵	9.1	716693人评价	导演:朗·霍华德RonHoward   主演:罗素·克劳RussellCrowe/艾德·哈...2001 / 美国 / 传记剧情	爱是一切逻辑和原由。	https://movie.douban.com/subject/1306029/
本杰明·巴顿奇事	9.0	918901人评价	导演:大卫·芬奇DavidFincher   主演:凯特·布兰切特CateBlanchett/...2008 / 美国 / 剧情爱情奇幻	在时间之河里感受溺水之苦。	https://movie.douban.com/subject/1485260/
窃听风暴	9.2	525623人评价	导演:弗洛里安·亨克尔·冯·多纳斯马尔克FlorianHenckelvonDonnersmarck  &n...2006 / 德国 / 剧情悬疑	别样人生。	https://movie.douban.com/subject/1900841/
穿条纹睡衣的男孩	9.2	512828人评价	导演:马克·赫尔曼MarkHerman   主演:阿萨·巴特菲尔德AsaButterfield...2008 / 英国美国 / 剧情战争	尽管有些不切实际的幻想，这部电影依旧是一部感人肺腑的佳作。	https://movie.douban.com/subject/3008247/
情书	8.9	1011710人评价	导演:岩井俊二ShunjiIwai   主演:中山美穗MihoNakayama/丰川悦司Ets...1995 / 日本 / 剧情爱情	暗恋的极致。	https://movie.douban.com/subject/1292220/
两杆大烟枪	9.1	558372人评价	导演:GuyRitchie   主演:JasonFlemyng/DexterFletcher/NickMoran1998 / 英国 / 剧情喜剧犯罪	4个臭皮匠顶个诸葛亮，盖·里奇果然不是盖的。	https://movie.douban.com/subject/1293350/
西西里的美丽传说	8.9	909960人评价	导演:朱塞佩·托纳多雷GiuseppeTornatore   主演:莫妮卡·贝鲁奇Monica...2000 / 意大利美国 / 剧情战争情色	美丽无罪。	https://movie.douban.com/subject/1292402/
看不见的客人	8.8	1162536人评价	导演:奥里奥尔·保罗OriolPaulo   主演:马里奥·卡萨斯MarioCasas/阿...2016 / 西班牙 / 剧情犯罪悬疑惊悚	你以为你以为的就是你以为的。	https://movie.douban.com/subject/26580232/
音乐之声	9.1	558932人评价	导演:罗伯特·怀斯RobertWise   主演:朱莉·安德鲁斯JulieAndrews/克...1965 / 美国 / 剧情传记爱情歌舞	用音乐化解仇恨，让歌声串起美好。	https://movie.douban.com/subject/1294408/
拯救大兵瑞恩	9.1	603323人评价	导演:史蒂文·斯皮尔伯格StevenSpielberg   主演:汤姆·汉克斯TomHanks...1998 / 美国 / 剧情战争	美利坚精神输出大片No1.	https://movie.douban.com/subject/1292849/
飞越疯人院	9.1	517102人评价	导演:米洛斯·福尔曼MilošForman   主演:杰克·尼科尔森JackNichols...1975 / 美国 / 剧情	自由万岁。	https://movie.douban.com/subject/1292224/
小鞋子	9.2	379962人评价	导演:马基德·马基迪MajidMajidi   主演:默罕默德·阿米尔·纳吉Mohamma...1997 / 伊朗 / 剧情儿童家庭	奔跑的孩子是天使。	https://movie.douban.com/subject/1303021/
阿凡达	8.8	1290799人评价	导演:詹姆斯·卡梅隆JamesCameron   主演:萨姆·沃辛顿SamWorthington...2009 / 美国 / 动作科幻冒险	绝对意义上的美轮美奂。	https://movie.douban.com/subject/1652587/
哈利·波特与死亡圣器(下)	8.9	760551人评价	导演:大卫·叶茨DavidYates   主演:丹尼尔·雷德克里夫DanielRadcliffe...2011 / 美国英国 / 奇幻冒险	10年的完美句点。	https://movie.douban.com/subject/3011235/
沉默的羔羊	8.9	818353人评价	导演:乔纳森·戴米JonathanDemme   主演:朱迪·福斯特JodieFoster/安...1991 / 美国 / 剧情犯罪惊悚	安东尼·霍普金斯的顶级表演。	https://movie.douban.com/subject/1293544/
致命魔术	8.9	799839人评价	导演:克里斯托弗·诺兰ChristopherNolan   主演:休·杰克曼HughJackman...2006 / 英国美国 / 剧情悬疑惊悚	孪生蝙蝠侠大战克隆金刚狼。	https://movie.douban.com/subject/1780330/
禁闭岛	8.9	899747人评价	导演:MartinScorsese   主演:莱昂纳多·迪卡普里奥LeonardoDiCaprio/...2010 / 美国 / 剧情悬疑惊悚	昔日翩翩少年，今日大腹便便。	https://movie.douban.com/subject/2334904/
海豚湾	9.3	341083人评价	导演:路易·西霍尤斯LouiePsihoyos   主演:RichardO'Barry/路易·西霍...2009 / 美国 / 纪录片	海豚的微笑，是世界上最高明的伪装。	https://movie.douban.com/subject/3442220/
布达佩斯大饭店	8.9	854153人评价	导演:韦斯·安德森WesAnderson   主演:拉尔夫·费因斯RalphFiennes/...2014 / 美国德国英国 / 剧情喜剧冒险	小清新的故事里注入了大历史的情怀。	https://movie.douban.com/subject/11525673/
蝴蝶效应	8.9	871784人评价	导演:埃里克·布雷斯EricBress/J·麦基·格鲁伯J.MackyeGruber   主...2004 / 美国加拿大 / 剧情悬疑科幻惊悚	人的命运被自己瞬间的抉择改变。	https://movie.douban.com/subject/1292343/
美国往事	9.2	384866人评价	导演:赛尔乔·莱翁内SergioLeone   主演:罗伯特·德尼罗RobertDeNiro...1984 / 美国意大利 / 犯罪剧情	往事如烟，无处祭奠。	https://movie.douban.com/subject/1292262/
心灵捕手	8.9	659111人评价	导演:格斯·范·桑特GusVanSant   主演:马特·达蒙MattDamon/罗宾·...1997 / 美国 / 剧情	人生中应该拥有这样的一段豁然开朗。	https://movie.douban.com/subject/1292656/
低俗小说	8.9	774510人评价	导演:昆汀·塔伦蒂诺QuentinTarantino   主演:约翰·特拉沃尔塔JohnTra...1994 / 美国 / 剧情喜剧犯罪	故事的高级讲法。	https://movie.douban.com/subject/1291832/
春光乍泄	9.0	586242人评价	导演:王家卫KarWaiWong   主演:张国荣LeslieCheung/梁朝伟TonyLeu...1997 / 中国香港日本韩国 / 剧情爱情同性	爱情纠缠，男女一致。	https://movie.douban.com/subject/1292679/
摩登时代	9.3	276725人评价	导演:查理·卓别林CharlesChaplin   主演:查理·卓别林CharlesChaplin...1936 / 美国 / 剧情喜剧爱情	大时代中的人生，小人物的悲喜。	https://movie.douban.com/subject/1294371/
喜剧之王	8.8	898319人评价	导演:周星驰StephenChow/李力持Lik-ChiLee   主演:周星驰StephenCh...1999 / 中国香港 / 喜剧剧情爱情	我是一个演员。	https://movie.douban.com/subject/1302425/
七宗罪	8.8	888367人评价	导演:大卫·芬奇DavidFincher   主演:摩根·弗里曼MorganFreeman/布...1995 / 美国 / 剧情犯罪悬疑惊悚	警察抓小偷，老鼠玩死猫。	https://movie.douban.com/subject/1292223/
功夫	8.8	1014019人评价	导演:周星驰StephenChow   主演:周星驰StephenChow/元秋QiuYuen/...2004 / 中国大陆中国香港 / 动作喜剧犯罪奇幻	警恶惩奸，维护世界和平这个任务就交给你了，好吗？	https://movie.douban.com/subject/1291543/
致命ID	8.8	757844人评价	导演:詹姆斯·曼高德JamesMangold   主演:约翰·库萨克JohnCusack/雷...2003 / 美国 / 剧情悬疑惊悚	最不可能的那个人永远是最可能的。	https://movie.douban.com/subject/1297192/
哈利·波特与阿兹卡班的囚徒	8.9	650943人评价	导演:AlfonsoCuarón   主演:丹尼尔·雷德克里夫DanielRadcliffe/Emma...2004 / 英国美国 / 奇幻冒险	不一样的导演，不一样的哈利·波特。	https://movie.douban.com/subject/1291544/
超脱	9.0	522157人评价	导演:托尼·凯耶TonyKaye   主演:艾德里安·布洛迪AdrienBrody/马西...2011 / 美国 / 剧情	穷尽一生，我们要学会的，不过是彼此拥抱。	https://movie.douban.com/subject/5322596/
杀人回忆	8.9	650809人评价	导演:奉俊昊Joon-hoBong   主演:宋康昊Kang-hoSong/金相庆Sang-kyun...2003 / 韩国 / 剧情动作犯罪悬疑惊悚	关于连环杀人悬案的集体回忆。	https://movie.douban.com/subject/1300299/
加勒比海盗	8.8	802457人评价	导演:戈尔·维宾斯基GoreVerbinski   主演:约翰尼·德普JohnnyDepp/...2003 / 美国 / 动作冒险奇幻	约翰尼·德普的独角戏。	https://movie.douban.com/subject/1298070/
红辣椒	9.1	418075人评价	导演:今敏SatoshiKon   主演:林原惠美MegumiHayashibara/江守彻Toru...2006 / 日本 / 动画悬疑科幻惊悚	梦的勾结。	https://movie.douban.com/subject/1865703/
被嫌弃的松子的一生	8.9	664338人评价	导演:中岛哲也TetsuyaNakashima   主演:中谷美纪MikiNakatani/瑛太E...2006 / 日本 / 剧情歌舞	以戏谑来戏谑戏谑。	https://movie.douban.com/subject/1787291/
狩猎	9.1	357353人评价	导演:托马斯·温特伯格ThomasVinterberg   主演:麦斯·米科尔森MadsMik...2012 / 丹麦瑞典 / 剧情	人言可畏。	https://movie.douban.com/subject/6985810/
请以你的名字呼唤我	8.9	664909人评价	导演:卢卡·瓜达尼诺LucaGuadagnino   主演:艾米·汉莫ArmieHammer/...2017 / 意大利法国巴西美国 / 剧情爱情同性	沉醉在电影的情感和视听氛围中无法自拔。	https://movie.douban.com/subject/26799731/
7号房的礼物	8.9	514600人评价	导演:李焕庆Hwan-kyeongLee   主演:柳承龙Seung-yongRyoo/朴信惠Shi...2013 / 韩国 / 剧情喜剧家庭	《我是山姆》的《美丽人生》。	https://movie.douban.com/subject/10777687/
剪刀手爱德华	8.7	983370人评价	导演:蒂姆·波顿TimBurton   主演:约翰尼·德普JohnnyDepp/薇诺娜·...1990 / 美国 / 剧情奇幻爱情	浪漫忧郁的成人童话。	https://movie.douban.com/subject/1292370/
断背山	8.8	666992人评价	导演:李安AngLee   主演:希斯·莱杰HeathLedger/杰克·吉伦哈尔Jake...2005 / 美国加拿大 / 剧情爱情同性家庭	每个人心中都有一座断背山。	https://movie.douban.com/subject/1418834/
勇敢的心	8.9	533325人评价	导演:梅尔·吉布森MelGibson   主演:梅尔·吉布森MelGibson/苏菲·玛...1995 / 美国 / 动作传记剧情历史战争	史诗大片的典范。	https://movie.douban.com/subject/1294639/
唐伯虎点秋香	8.7	995314人评价	导演:李力持Lik-ChiLee   主演:周星驰StephenChow/巩俐LiGong/陈...1993 / 中国香港 / 喜剧爱情古装	华太师是黄霑，吴镇宇四大才子之一。	https://movie.douban.com/subject/1306249/
哈利·波特与密室	8.8	677078人评价	导演:ChrisColumbus   主演:丹尼尔·雷德克里夫DanielRadcliffe/艾玛...2002 / 英国美国 / 奇幻冒险	魔法的密室之门已打开...	https://movie.douban.com/subject/1296996/
一一	9.1	349778人评价	导演:杨德昌EdwardYang   主演:吴念真/李凯莉KellyLee/金燕玲Elai...2000 / 中国台湾日本 / 剧情爱情家庭	我们都曾经是一一。	https://movie.douban.com/subject/1292434/
入殓师	8.9	619813人评价	导演:泷田洋二郎YôjirôTakita   主演:本木雅弘MasahiroMotoki/...2008 / 日本 / 剧情	死可能是一道门，逝去并不是终结，而是超越，走向下一程。	https://movie.douban.com/subject/2149806/
第六感	8.9	517107人评价	导演:M·奈特·沙马兰M.NightShyamalan   主演:布鲁斯·威利斯BruceWi...1999 / 美国 / 剧情悬疑惊悚	深入内心的恐怖，出人意料的结局。	https://movie.douban.com/subject/1297630/
爱在黎明破晓前	8.8	618916人评价	导演:理查德·林克莱特RichardLinklater   主演:伊桑·霍克EthanHawke...1995 / 美国奥地利瑞士 / 剧情爱情	缘分是个连绵词，最美不过一瞬。	https://movie.douban.com/subject/1296339/
重庆森林	8.8	749767人评价	导演:王家卫KarWaiWong   主演:林青霞BrigitteLin/金城武TakeshiK...1994 / 中国香港 / 剧情爱情	寂寞没有期限。	https://movie.douban.com/subject/1291999/
天使爱美丽	8.7	917536人评价	导演:让-皮埃尔·热内Jean-PierreJeunet   主演:奥黛丽·塔图AudreyTau...2001 / 法国德国 / 剧情喜剧爱情	法式小清新。 	https://movie.douban.com/subject/1292215/
蝙蝠侠：黑暗骑士崛起	8.8	671770人评价	导演:克里斯托弗·诺兰ChristopherNolan   主演:克里斯蒂安·贝尔Christ...2012 / 美国英国 / 剧情动作科幻犯罪惊悚	诺兰就是保证。	https://movie.douban.com/subject/3395373/
幽灵公主	8.9	489616人评价	导演:宫崎骏HayaoMiyazaki   主演:松田洋治YôjiMatsuda/石田百合...1997 / 日本 / 动画奇幻冒险	人与自然的战争史诗。	https://movie.douban.com/subject/1297359/
菊次郎的夏天	8.9	551552人评价	导演:北野武TakeshiKitano   主演:北野武TakeshiKitano/关口雄介Yus...1999 / 日本 / 剧情喜剧	从没见过那么流氓的温柔，从没见过那么温柔的流氓。	https://movie.douban.com/subject/1293359/
小森林 夏秋篇	9.0	397357人评价	导演:森淳一JunichiMori   主演:桥本爱AiHashimoto/三浦贵大Takahir...2014 / 日本 / 剧情	那些静得只能听见呼吸的日子里，你明白孤独即生活。	https://movie.douban.com/subject/25814705/
阳光灿烂的日子	8.9	574178人评价	导演:姜文WenJiang   主演:夏雨YuXia/宁静JingNing/陶虹HongTao1994 / 中国大陆中国香港 / 剧情爱情	一场华丽的意淫。	https://movie.douban.com/subject/1291875/
超能陆战队	8.7	940891人评价	导演:唐·霍尔DonHall/克里斯·威廉姆斯ChrisWilliams   主演:斯科特...2014 / 美国 / 喜剧动作科幻动画冒险	Balalala~~~	https://movie.douban.com/subject/11026735/
完美的世界	9.1	288233人评价	导演:克林特·伊斯特伍德ClintEastwood   主演:凯文·科斯特纳KevinCos...1993 / 美国 / 剧情犯罪	坏人的好总是比好人的好来得更感人。	https://movie.douban.com/subject/1300992/
爱在日落黄昏时	8.9	509754人评价	导演:理查德·林克莱特RichardLinklater   主演:伊桑·霍克EthanHawke...2004 / 美国法国 / 剧情爱情	九年后的重逢是世俗和责任的交叠，没了悸动和青涩，沧桑而温暖。	https://movie.douban.com/subject/1291990/
无人知晓	9.1	292843人评价	导演:是枝裕和HirokazuKoreeda   主演:柳乐优弥YûyaYagira/北浦爱...2004 / 日本 / 剧情	我的平常生活就是他人的幸福。	https://movie.douban.com/subject/1292337/
消失的爱人	8.7	863127人评价	导演:大卫·芬奇DavidFincher   主演:本·阿弗莱克BenAffleck/罗莎蒙...2014 / 美国 / 剧情犯罪悬疑惊悚	年度最佳date movie。	https://movie.douban.com/subject/21318488/
借东西的小人阿莉埃蒂	8.9	511536人评价	导演:米林宏昌HiromasaYonebayashi   主演:志田未来MiraiShida/神木...2010 / 日本 / 动画奇幻冒险	曾经的那段美好会沉淀为一辈子的记忆。	https://movie.douban.com/subject/4202302/
甜蜜蜜	8.9	491079人评价	导演:陈可辛PeterChan   主演:黎明LeonLai/张曼玉MaggieCheung/...1996 / 中国香港 / 剧情爱情	相逢只要一瞬间，等待却像是一辈子。	https://movie.douban.com/subject/1305164/
倩女幽魂	8.8	683027人评价	导演:程小东Siu-TungChing   主演:张国荣LeslieCheung/王祖贤JoeyW...1987 / 中国香港 / 爱情奇幻武侠古装	两张绝世的脸。 	https://movie.douban.com/subject/1297447/
小森林 冬春篇	9.0	354449人评价	导演:森淳一JunichiMori   主演:桥本爱AiHashimoto/三浦贵大Takahir...2015 / 日本 / 剧情	尊敬他人，尊敬你生活的这片土地，明白孤独是人生的常态。	https://movie.douban.com/subject/25814707/
侧耳倾听	8.9	429312人评价	导演:近藤喜文YoshifumiKondo   主演:本名阳子YoukoHonna/小林桂树K...1995 / 日本 / 剧情爱情动画	少女情怀总是诗。	https://movie.douban.com/subject/1297052/
时空恋旅人	8.8	604881人评价	导演:理查德·柯蒂斯RichardCurtis   主演:多姆纳尔·格里森DomhnallGl...2013 / 英国 / 喜剧爱情奇幻	把每天当作最后一天般珍惜度过，积极拥抱生活，就是幸福。	https://movie.douban.com/subject/10577869/
幸福终点站	8.8	524301人评价	导演:史蒂文·斯皮尔伯格StevenSpielberg   主演:汤姆·汉克斯TomHanks...2004 / 美国 / 喜剧剧情爱情	有时候幸福需要等一等。 	https://movie.douban.com/subject/1292274/
驯龙高手	8.8	705627人评价	导演:迪恩·德布洛斯DeanDeBlois/克里斯·桑德斯ChrisSanders   主演:...2010 / 美国 / 动画奇幻冒险	和谐的生活离不开摸头与被摸头。	https://movie.douban.com/subject/2353023/
萤火之森	8.9	492499人评价	导演:大森贵弘TakahiroOmori   主演:佐仓绫音AyaneSakura/内山昂辉K...2011 / 日本 / 剧情爱情动画奇幻	触不到的恋人。	https://movie.douban.com/subject/5989818/
教父3	9.0	341839人评价	导演:弗朗西斯·福特·科波拉FrancisFordCoppola   主演:阿尔·帕西诺A...1990 / 美国 / 剧情犯罪	任何信念的力量，都无法改变命运。	https://movie.douban.com/subject/1294240/
怪兽电力公司	8.8	618263人评价	导演:彼特·道格特PeteDocter/大卫·斯沃曼DavidSilverman   主演:约...2001 / 美国 / 儿童喜剧动画奇幻冒险	不要给它起名字，起了名字就有感情了。	https://movie.douban.com/subject/1291579/
玛丽和马克思	8.9	402369人评价	导演:亚当·艾略特AdamElliot   主演:托妮·科莱特ToniCollette/菲利...2009 / 澳大利亚美国 / 剧情喜剧动画	你是我最好的朋友，你是我唯一的朋友 。	https://movie.douban.com/subject/3072124/
一个叫欧维的男人决定去死	8.9	425774人评价	导演:汉内斯·赫尔姆HannesHolm   主演:罗夫·拉斯加德RolfLassgård...2015 / 瑞典 / 剧情	惠及一生的美丽。	https://movie.douban.com/subject/26628357/
寄生虫	8.8	1276831人评价	导演:奉俊昊Joon-hoBong   主演:宋康昊Kang-hoSong/李善均Seon-gyun...2019 / 韩国 / 剧情		https://movie.douban.com/subject/27010768/
玩具总动员3	8.9	475366人评价	导演:李·昂克里奇LeeUnkrich   主演:汤姆·汉克斯TomHanks/蒂姆·艾...2010 / 美国 / 喜剧动画奇幻冒险	跨度十五年的欢乐与泪水。	https://movie.douban.com/subject/1858711/
傲慢与偏见	8.7	735040人评价	导演:乔·怀特JoeWright   主演:凯拉·奈特莉KeiraKnightley/马修·...2005 / 法国英国美国 / 剧情爱情	爱是摈弃傲慢与偏见之后的曙光。	https://movie.douban.com/subject/1418200/
大鱼	8.8	533997人评价	导演:蒂姆·波顿TimBurton   主演:伊万·麦克格雷格EwanMcGregor/阿...2003 / 美国 / 剧情家庭奇幻冒险	抱着梦想而活着的人是幸福的，怀抱梦想而死去的人是不朽的。	https://movie.douban.com/subject/1291545/
未麻的部屋	9.1	295837人评价	导演:今敏SatoshiKon   主演:岩男润子JunkoIwao/松本梨香RicaMatsu...1997 / 日本 / 动画奇幻惊悚	好的剧本是，就算你猜到了结局也猜不到全部。	https://movie.douban.com/subject/1395091/
神偷奶爸	8.6	888584人评价	导演:皮艾尔·柯芬PierreCoffin/克里斯·雷纳德ChrisRenaud   主演:...2010 / 美国法国 / 喜剧动画冒险	Mr. I Don't Care其实也有Care的时候。	https://movie.douban.com/subject/3287562/
告白	8.8	634788人评价	导演:中岛哲也TetsuyaNakashima   主演:松隆子TakakoMatsu/冈田将生...2010 / 日本 / 剧情悬疑	没有一人完全善，也没有一人完全恶。	https://movie.douban.com/subject/4268598/
釜山行	8.6	1111215人评价	导演:延尚昊Sang-hoYeon   主演:孔侑YooGong/郑有美Yu-miJung/马...2016 / 韩国 / 动作惊悚灾难	揭露人性的丧尸题材力作。	https://movie.douban.com/subject/25986180/
被解救的姜戈	8.8	565477人评价	导演:昆汀·塔伦蒂诺QuentinTarantino   主演:杰米·福克斯JamieFoxx/...2012 / 美国 / 剧情动作西部冒险	热血沸腾，那个低俗、性感的无耻混蛋又来了。	https://movie.douban.com/subject/6307447/
阳光姐妹淘	8.8	563356人评价	导演:姜炯哲Hyeong-CheolKang   主演:沈恩京Eun-kyungShim/闵孝琳Hy...2011 / 韩国 / 剧情喜剧	再多各自牛逼的时光，也比不上一起傻逼的岁月。 	https://movie.douban.com/subject/4917726/
射雕英雄传之东成西就	8.7	592379人评价	导演:刘镇伟JeffreyLau   主演:梁朝伟TonyLeungChiuWai/林青霞Bri...1993 / 中国香港 / 喜剧奇幻武侠古装	百看不厌。 	https://movie.douban.com/subject/1316510/
哈利·波特与火焰杯	8.7	589775人评价	导演:迈克·内威尔MikeNewell   主演:丹尼尔·雷德克里夫DanielRadclif...2005 / 英国美国 / 悬疑奇幻冒险		https://movie.douban.com/subject/1309055/
哪吒闹海	9.1	238287人评价	导演:王树忱ShuchenWang/严定宪DingxianYan   主演:梁正晖Zhenghui...1979 / 中国大陆 / 冒险动画奇幻	想你时你在闹海。	https://movie.douban.com/subject/1307315/
我是山姆	9.0	313041人评价	导演:杰茜·尼尔森JessieNelson   主演:SeanPenn/DakotaFanning/Mi...2001 / 美国 / 剧情家庭	爱并不需要智商 。	https://movie.douban.com/subject/1306861/
恐怖直播	8.7	607109人评价	导演:金秉祐Byeong-wooKim   主演:河正宇Jung-wooHa/李璟荣Kyeong-y...2013 / 韩国 / 剧情犯罪悬疑	恐怖分子的“秋菊打官司”。	https://movie.douban.com/subject/21360417/
新世界	8.9	374721人评价	导演:朴勋政Hoon-jungPark   主演:李政宰Jung-JaeLee/崔岷植Min-sik...2013 / 韩国 / 剧情犯罪	要做就做得狠一点，这样才能活下去。	https://movie.douban.com/subject/10437779/
头号玩家	8.7	1275568人评价	导演:史蒂文·斯皮尔伯格StevenSpielberg   主演:泰伊·谢里丹TyeSheri...2018 / 美国 / 动作科幻冒险	写给影迷，动漫迷和游戏迷的一封情书。	https://movie.douban.com/subject/4920389/
血战钢锯岭	8.7	737494人评价	导演:梅尔·吉布森MelGibson   主演:安德鲁·加菲尔德AndrewGarfield/...2016 / 澳大利亚美国 / 剧情传记历史战争	优秀的战争片不会美化战场，不会粉饰死亡，不会矮化敌人，不会无视常识，最重要的，不会宣扬战争。	https://movie.douban.com/subject/26325320/
模仿游戏	8.8	598036人评价	导演:莫滕·泰杜姆MortenTyldum   主演:本尼迪克特·康伯巴奇BenedictC...2014 / 英国美国 / 剧情传记战争同性	他给机器起名“克里斯托弗”，因为这是他初恋的名字。	https://movie.douban.com/subject/10463953/
喜宴	9.0	327602人评价	导演:李安AngLee   主演:赵文瑄WinstonChao/郎雄SihungLung/归亚...1993 / 中国台湾美国 / 剧情喜剧爱情同性家庭	中国家庭的喜怒哀乐忍。	https://movie.douban.com/subject/1303037/
七武士	9.3	181814人评价	导演:黑泽明AkiraKurosawa   主演:三船敏郎ToshirôMifune/志村乔...1954 / 日本 / 动作冒险剧情	时代悲歌。	https://movie.douban.com/subject/1295399/
花样年华	8.7	553342人评价	导演:王家卫KarWaiWong   主演:梁朝伟TonyLeungChiuWai/张曼玉Ma...2000 / 中国香港 / 剧情爱情	偷情本没有这样美。	https://movie.douban.com/subject/1291557/
黑客帝国3：矩阵革命	8.8	418421人评价	导演:拉娜·沃卓斯基LanaWachowski/莉莉·沃卓斯基LillyWachowski   ...2003 / 美国 / 动作科幻	不得不说，《黑客帝国》系列是商业片与科幻、哲学完美结合的典范。	https://movie.douban.com/subject/1302467/
头脑特工队	8.8	563104人评价	导演:彼特·道格特PeteDocter/罗纳尔多·德尔·卡门RonaldoDelCarmen  &nb...2015 / 美国 / 喜剧动画冒险	愿我们都不用长大，每一座城堡都能永远存在。	https://movie.douban.com/subject/10533913/
电锯惊魂	8.8	491003人评价	导演:詹姆斯·温JamesWan   主演:雷·沃纳尔LeighWhannell/加利·艾...2004 / 美国 / 悬疑惊悚恐怖	真相就在眼前。	https://movie.douban.com/subject/1417598/
九品芝麻官	8.7	609245人评价	导演:王晶JingWong   主演:周星驰StephenChow/吴孟达ManTatNg/...1994 / 中国香港中国大陆 / 剧情喜剧古装		https://movie.douban.com/subject/1297518/
三块广告牌	8.7	769515人评价	导演:马丁·麦克唐纳MartinMcDonagh   主演:弗兰西斯·麦克多蒙德France...2017 / 美国英国 / 剧情犯罪	怼天怼地，你走后，她与世界为敌。	https://movie.douban.com/subject/26611804/
达拉斯买家俱乐部	8.8	423707人评价	导演:让-马克·瓦雷Jean-MarcVallée   主演:马修·麦康纳MatthewMcCon...2013 / 美国 / 剧情传记同性	Jared Leto的腿比女人还美！	https://movie.douban.com/subject/1793929/
你的名字。	8.5	1292534人评价	导演:新海诚MakotoShinkai   主演:神木隆之介RyûnosukeKamiki/上...2016 / 日本 / 剧情爱情动画	穿越错位的时空，仰望陨落的星辰，你没留下你的名字，我却无法忘记那句“我爱你”。	https://movie.douban.com/subject/26683290/
卢旺达饭店	8.9	304157人评价	导演:特瑞·乔治TerryGeorge   主演:唐·钱德尔DonCheadle/苏菲·奥...2004 / 英国南非意大利美国 / 剧情传记历史战争	当这个世界闭上双眼，他却敞开了怀抱。	https://movie.douban.com/subject/1291822/
疯狂原始人	8.7	788305人评价	导演:科克·德·米科KirkDeMicco/克里斯·桑德斯ChrisSanders   主演...2013 / 美国 / 喜剧动画冒险	老少皆宜，这就是好莱坞动画的魅力。	https://movie.douban.com/subject/1907966/
惊魂记	9.0	259883人评价	导演:阿尔弗雷德·希区柯克AlfredHitchcock   主演:安东尼·博金斯Antho...1960 / 美国 / 悬疑惊悚恐怖	故事的反转与反转，分裂电影的始祖。	https://movie.douban.com/subject/1293181/
上帝之城	9.0	283409人评价	导演:费尔南多·梅里尔斯FernandoMeirelles/卡迪亚·兰德KátiaLund  &nbsp...2002 / 巴西法国 / 犯罪剧情	被上帝抛弃了的上帝之城。	https://movie.douban.com/subject/1292208/
谍影重重3	8.8	391970人评价	导演:保罗·格林格拉斯PaulGreengrass   主演:马特·达蒙MattDamon/...2007 / 美国德国 / 动作悬疑惊悚	像吃了苏打饼一样干脆的电影。	https://movie.douban.com/subject/1578507/
心迷宫	8.7	477622人评价	导演:忻钰坤YukunXin   主演:霍卫民WeiminHuo/王笑天XiaotianWang...2014 / 中国大陆 / 剧情犯罪悬疑	荒诞讽刺，千奇百巧，抽丝剥茧，百转千回。	https://movie.douban.com/subject/25917973/
风之谷	8.9	335404人评价	导演:宫崎骏HayaoMiyazaki   主演:岛本须美SumiShimamoto/松田洋治Y...1984 / 日本 / 动画奇幻冒险	动画片的圣经。	https://movie.douban.com/subject/1291585/
英雄本色	8.6	495261人评价	导演:吴宇森JohnWoo   主演:周润发Yun-FatChow/狄龙LungTi/张国...1986 / 中国香港 / 剧情动作犯罪	英雄泪短，兄弟情长。 	https://movie.douban.com/subject/1297574/
纵横四海	8.8	390896人评价	导演:吴宇森JohnWoo   主演:周润发Yun-FatChow/张国荣LeslieCheung...1991 / 中国香港 / 剧情喜剧动作犯罪	香港浪漫主义警匪动作片的巅峰之作。	https://movie.douban.com/subject/1295409/
海街日记	8.8	412079人评价	导演:是枝裕和HirokazuKoreeda   主演:绫濑遥HarukaAyase/长泽雅美M...2015 / 日本 / 剧情家庭	是枝裕和的家庭习作。	https://movie.douban.com/subject/25895901/
岁月神偷	8.7	548131人评价	导演:罗启锐AlexLaw   主演:吴君如SandraNg/任达华SimonYam/钟绍...2010 / 中国香港中国大陆 / 剧情家庭	岁月流逝，来日可追。	https://movie.douban.com/subject/3792799/
记忆碎片	8.7	565019人评价	导演:克里斯托弗·诺兰ChristopherNolan   主演:盖·皮尔斯GuyPearce/...2000 / 美国 / 犯罪剧情悬疑惊悚	一个针管引发的血案。	https://movie.douban.com/subject/1304447/
色，戒	8.6	706135人评价	导演:李安AngLee   主演:梁朝伟TonyLeungChiuWai/汤唯WeiTang/...2007 / 中国台湾中国大陆美国中国香港 / 剧情爱情情色	假戏真情，爱欲深海	https://movie.douban.com/subject/1828115/
忠犬八公物语	9.2	179562人评价	导演:SeijirôKôyama   主演:山本圭KeiYamamoto/井川比佐志Hisa...1987 / 日本 / 剧情	养狗三日，便会对你终其一生。	https://movie.douban.com/subject/1959195/
爱在午夜降临前	8.9	360771人评价	导演:理查德·林克莱特RichardLinklater   主演:伊桑·霍克EthanHawke...2013 / 美国希腊 / 剧情爱情	所谓爱情，就是话唠一路，都不会心生腻烦，彼此嫌弃。	https://movie.douban.com/subject/10808442/
绿里奇迹	8.9	298215人评价	导演:FrankDarabont   主演:汤姆·汉克斯TomHanks/大卫·摩斯DavidM...1999 / 美国 / 犯罪剧情奇幻悬疑	天使暂时离开。	https://movie.douban.com/subject/1300374/
荒蛮故事	8.8	411149人评价	导演:达米安·斯兹弗隆DamiánSzifron   主演:达里奥·葛兰帝内提Darío...2014 / 阿根廷西班牙 / 剧情喜剧犯罪	始于荒诞，止于更荒诞。	https://movie.douban.com/subject/24750126/
茶馆	9.5	112821人评价	导演:谢添TianXie   主演:于是之ShizhiYu/郑榕RongZhen/蓝天野T...1982(中国大陆) / 中国大陆 / 剧情历史		https://movie.douban.com/subject/1461403/
爆裂鼓手	8.7	540086人评价	导演:达米恩·查泽雷DamienChazelle   主演:迈尔斯·特勒MilesTeller/...2014 / 美国 / 剧情音乐	这个世界从不善待努力的人，努力了也不一定会成功，但是知道自己在努力，就是活下去的动力。	https://movie.douban.com/subject/25773932/
小偷家族	8.7	767169人评价	导演:是枝裕和HirokazuKoreeda   主演:中川雅也LilyFranky/安藤樱Sa...2018 / 日本 / 剧情犯罪家庭	我们组成了家。	https://movie.douban.com/subject/27622447/
贫民窟的百万富翁	8.6	703993人评价	导演:丹尼·鲍尔DannyBoyle/洛芙琳·坦丹LoveleenTandan   主演:戴夫...2008 / 英国 / 剧情爱情	上帝之城+猜火车+阿甘正传+开心辞典=山寨富翁	https://movie.douban.com/subject/2209573/
无敌破坏王	8.7	498508人评价	导演:瑞奇·莫尔RichMoore   主演:约翰·C·赖利JohnC.Reilly/萨拉...2012 / 美国 / 喜剧动画奇幻冒险	迪士尼和皮克斯拿错剧本的产物。	https://movie.douban.com/subject/6534248/
疯狂的石头	8.5	759183人评价	导演:宁浩HaoNing   主演:郭涛TaoGuo/刘桦HuaLiu/连晋TeddyLin2006 / 中国大陆中国香港 / 喜剧犯罪	中国版《两杆大烟枪》。	https://movie.douban.com/subject/1862151/
东邪西毒	8.6	541113人评价	导演:王家卫KarWaiWong   主演:张国荣LeslieCheung/林青霞Brigitte...1994 / 中国香港中国台湾 / 剧情动作爱情武侠古装	电影诗。	https://movie.douban.com/subject/1292328/
真爱至上	8.6	681640人评价	导演:理查德·柯蒂斯RichardCurtis   主演:休·格兰特HughGrant/柯林...2003 / 英国美国法国 / 喜剧剧情爱情	爱，是个动词。	https://movie.douban.com/subject/1292401/
冰川时代	8.6	573567人评价	导演:卡洛斯·沙尔丹哈CarlosSaldanha/克里斯·韦奇ChrisWedge   主演...2002 / 美国 / 喜剧动画冒险	松鼠才是角儿。	https://movie.douban.com/subject/1291578/
雨中曲	9.1	202302人评价	导演:斯坦利·多南StanleyDonen/吉恩·凯利GeneKelly   主演:吉恩·...1952 / 美国 / 喜剧歌舞爱情	骨灰级歌舞片。	https://movie.douban.com/subject/1293460/
恐怖游轮	8.5	784303人评价	导演:克里斯托弗·史密斯ChristopherSmith   主演:梅利莎·乔治Melissa...2009 / 英国澳大利亚 / 剧情悬疑惊悚	不要企图在重复中寻找已经失去的爱。	https://movie.douban.com/subject/3011051/
你看起来好像很好吃	8.9	311818人评价	导演:藤森雅也MasayaFujimori   主演:山口胜平KappeiYamaguchi/爱河...2010 / 日本 / 剧情动画儿童	感情不分食草或者食肉。	https://movie.douban.com/subject/4848115/
黑天鹅	8.6	744042人评价	导演:达伦·阿罗诺夫斯基DarrenAronofsky   主演:娜塔莉·波特曼Natalie...2010 / 美国 / 剧情惊悚	黑暗之美。	https://movie.douban.com/subject/1978709/
2001太空漫游	8.9	290513人评价	导演:斯坦利·库布里克StanleyKubrick   主演:凯尔·杜拉KeirDullea/...1968 / 英国美国 / 科幻惊悚冒险	现代科幻电影的开山之作，最伟大导演的最伟大影片。	https://movie.douban.com/subject/1292226/
魔女宅急便	8.7	425764人评价	导演:宫崎骏HayaoMiyazaki   主演:高山南MinamiTakayama/佐久间玲Re...1989 / 日本 / 动画奇幻冒险	宫崎骏的电影总让人感觉世界是美好的，阳光明媚的。	https://movie.douban.com/subject/1307811/
无间道2	8.7	428335人评价	导演:刘伟强/麦兆辉   主演:陈冠希/余文乐/曾志伟2003 / 中国香港 / 剧情犯罪惊悚		https://movie.douban.com/subject/1307106/
雨人	8.7	379246人评价	导演:巴瑞·莱文森BarryLevinson   主演:达斯汀·霍夫曼DustinHoffman...1988 / 美国 / 剧情	生活在自己的世界里，也可以让周围的人显得可笑和渺小。	https://movie.douban.com/subject/1291870/
遗愿清单	8.7	410797人评价	导演:罗伯·莱纳RobReiner   主演:杰克·尼科尔森JackNicholson/摩根...2007 / 美国 / 冒险喜剧剧情	用剩余不多的时间，去燃烧整个生命。	https://movie.douban.com/subject/1867345/
恋恋笔记本	8.6	623493人评价	导演:尼克·卡索维茨NickCassavetes   主演:瑞恩·高斯林RyanGosling/...2004 / 美国 / 剧情爱情	爱情没有那么多借口，如果不能圆满，只能说明爱的不够。 	https://movie.douban.com/subject/1309163/
牯岭街少年杀人事件	8.9	265876人评价	导演:杨德昌EdwardYang   主演:张震ChenChang/杨静怡LisaYang/张...1991 / 中国台湾 / 剧情犯罪	弱者送给弱者的一刀。	https://movie.douban.com/subject/1292329/
大佛普拉斯	8.7	411138人评价	导演:黄信尧Hsin-yaoHuang   主演:庄益增YizengZhuang/陈竹昇Chu-sh...2017 / 中国台湾 / 剧情喜剧	人们可以登上月球，却永远无法探索人们内心的宇宙。	https://movie.douban.com/subject/27059130/
可可西里	8.9	280775人评价	导演:陆川ChuanLu   主演:多布杰Duobujie/张磊LeiZhang/亓亮QiL...2004 / 中国大陆中国香港 / 剧情犯罪	坚硬的信仰。	https://movie.douban.com/subject/1308857/
城市之光	9.3	132676人评价	导演:CharlesChaplin   主演:查理·卓别林CharlesChaplin/弗吉尼亚·...1931 / 美国 / 喜剧剧情爱情	永远的小人物，伟大的卓别林。	https://movie.douban.com/subject/1293908/
背靠背，脸对脸	9.5	109880人评价	导演:黄建新JianxinHuang/杨亚洲YazhouYang   主演:牛振华ZhenhuaN...1994 / 中国大陆中国香港 / 剧情		https://movie.douban.com/subject/1307856/
小丑	8.7	936089人评价	导演:托德·菲利普斯ToddPhillips   主演:杰昆·菲尼克斯JoaquinPhoeni...2019 / 美国加拿大 / 剧情犯罪惊悚		https://movie.douban.com/subject/27119724/
东京教父	9.0	196707人评价	导演:今敏SatoshiKon   主演:江守彻ToruEmori/梅垣义明YoshiakiUme...2003 / 日本 / 剧情喜剧动画		https://movie.douban.com/subject/1310177/
萤火虫之墓	8.7	385366人评价	导演:高畑勋IsaoTakahata   主演:辰己努/白石绫乃/志乃原良子1988 / 日本 / 动画剧情战争	幸福是生生不息，却难以触及的远。 	https://movie.douban.com/subject/1293318/
源代码	8.5	783337人评价	导演:邓肯·琼斯DuncanJones   主演:杰克·吉伦哈尔JakeGyllenhaal/...2011 / 美国加拿大 / 科幻悬疑惊悚	邓肯·琼斯继《月球》之后再度奉献出一部精彩绝伦的科幻佳作。	https://movie.douban.com/subject/3075287/
虎口脱险	8.9	235277人评价	导演:杰拉尔·乌里GérardOury   主演:路易·德·菲耐斯LouisdeFunès...1966 / 法国英国 / 喜剧战争	永远看不腻的喜剧。	https://movie.douban.com/subject/1296909/
初恋这件小事	8.5	932279人评价	导演:普特鹏·普罗萨卡·那·萨克那卡林PuttipongPromsakaNaSakolnakorn/华森·波克彭...2010 / 泰国 / 剧情喜剧爱情	黑小鸭速效美白记。	https://movie.douban.com/subject/4739952/
人工智能	8.7	413318人评价	导演:史蒂文·斯皮尔伯格StevenSpielberg   主演:海利·乔·奥斯蒙Haley...2001 / 美国英国 / 剧情科幻	对爱的执着，可以超越一切。	https://movie.douban.com/subject/1302827/
海边的曼彻斯特	8.6	472872人评价	导演:肯尼斯·罗纳根KennethLonergan   主演:卡西·阿弗莱克CaseyAffle...2016 / 美国 / 剧情家庭	我们都有权利不与自己的过去和解。	https://movie.douban.com/subject/25980443/
罗生门	8.8	290952人评价	导演:黑泽明AkiraKurosawa   主演:三船敏郎ToshirôMifune/京町子...1950 / 日本 / 剧情犯罪悬疑	人生的N种可能性。	https://movie.douban.com/subject/1291879/
青蛇	8.6	486593人评价	导演:徐克HarkTsui   主演:张曼玉MaggieCheung/王祖贤JoeyWang/...1993 / 中国香港中国大陆 / 剧情爱情奇幻古装	人生如此，浮生如斯。谁人言，花彼岸，此生情长意短。谁都是不懂爱的罢了。	https://movie.douban.com/subject/1303394/
终结者2：审判日	8.8	318297人评价	导演:詹姆斯·卡梅隆JamesCameron   主演:阿诺·施瓦辛格ArnoldSchwarz...1991 / 美国法国 / 动作科幻	少见的超越首部的续集，动作片中的经典。	https://movie.douban.com/subject/1291844/
波西米亚狂想曲	8.6	557004人评价	导演:布莱恩·辛格BryanSinger   主演:拉米·马雷克RamiMalek/本·哈...2018 / 英国美国 / 剧情传记同性音乐		https://movie.douban.com/subject/5300054/
奇迹男孩	8.6	521934人评价	导演:斯蒂芬·卓博斯基StephenChbosky   主演:雅各布·特伦布莱JacobTr...2017 / 美国中国香港 / 剧情儿童家庭	世界不完美，爱会有奇迹。	https://movie.douban.com/subject/26787574/
心灵奇旅	8.7	888248人评价	导演:彼特·道格特PeteDocter/凯普·鲍尔斯KempPowers   主演:杰米·...2020 / 美国 / 动画奇幻音乐		https://movie.douban.com/subject/24733428/
二十二	8.7	277467人评价	导演:郭柯KeGuo   主演:2015 / 中国大陆 / 纪录片	有一些东西不应该被遗忘。	https://movie.douban.com/subject/26430107/
疯狂的麦克斯4：狂暴之路	8.6	489569人评价	导演:乔治·米勒GeorgeMiller   主演:汤姆·哈迪TomHardy/查理兹·塞...2015 / 澳大利亚美国 / 动作科幻冒险	“多么美好的一天！”轰轰轰砰咚，啪哒哒哒轰隆隆，磅~	https://movie.douban.com/subject/3592854/
新龙门客栈	8.7	411521人评价	导演:李惠民RaymondLee   主演:张曼玉MaggieCheung/林青霞Brigitte...1992 / 中国香港中国大陆 / 动作爱情武侠古装	嬉笑怒骂，调风动月。	https://movie.douban.com/subject/1292287/
房间	8.8	351274人评价	导演:伦尼·阿伯拉罕森LennyAbrahamson   主演:布丽·拉尔森BrieLarson...2015 / 爱尔兰加拿大英国美国 / 剧情家庭	被偷走的岁月，被伤害的生命，被禁锢的灵魂，终将被希望和善意救赎。	https://movie.douban.com/subject/25724855/
无耻混蛋	8.6	440670人评价	导演:QuentinTarantino   主演:布拉德·皮特BradPitt/梅拉尼·罗兰M...2009 / 德国美国 / 剧情犯罪	昆汀同学越来越变态了，比北野武还杜琪峰。	https://movie.douban.com/subject/1438652/
千钧一发	8.8	267470人评价	导演:安德鲁·尼科尔AndrewNiccol   主演:伊桑·霍克EthanHawke/乌玛...1997 / 美国 / 剧情科幻惊悚	一部能引人思考的科幻励志片。	https://movie.douban.com/subject/1300117/
血钻	8.7	352516人评价	导演:爱德华·兹威克EdwardZwick   主演:莱昂纳多·迪卡普里奥Leonardo...2006 / 美国德国英国 / 剧情惊悚冒险	每个美丽事物背后都是滴血的现实。	https://movie.douban.com/subject/1428175/
步履不停	8.8	258220人评价	导演:是枝裕和HirokazuKoreeda   主演:阿部宽HiroshiAbe/夏川结衣Yu...2008 / 日本 / 剧情家庭	日本的家庭电影已经是世界巅峰了，步履不停是巅峰中的佳作。	https://movie.douban.com/subject/2222996/
黑客帝国2：重装上阵	8.7	378949人评价	导演:拉娜·沃卓斯基LanaWachowski/莉莉·沃卓斯基LillyWachowski   ...2003 / 美国 / 动作科幻	一个精彩的世界观正在缓缓建立。	https://movie.douban.com/subject/1304141/
魂断蓝桥	8.8	258465人评价	导演:茂文·勒鲁瓦MervynLeRoy   主演:费雯·丽VivienLeigh/罗伯特·...1940 / 美国 / 剧情爱情战争	中国式内在的美国电影。	https://movie.douban.com/subject/1293964/
彗星来的那一夜	8.5	522033人评价	导演:詹姆斯·沃德·布柯特JamesWardByrkit   主演:艾米丽·芭尔多尼Em...2013 / 美国英国 / 科幻悬疑惊悚	小成本大魅力。	https://movie.douban.com/subject/25807345/
崖上的波妞	8.6	448203人评价	导演:宫崎骏HayaoMiyazaki   主演:奈良柚莉爱YuriaNara/土井洋辉Hir...2008 / 日本 / 动画奇幻冒险		https://movie.douban.com/subject/1959877/
战争之王	8.7	339200人评价	导演:安德鲁·尼科尔AndrewNiccol   主演:尼古拉斯·凯奇NicolasCage/...2005 / 法国德国美国 / 剧情犯罪	做一颗让别人需要你的棋子。	https://movie.douban.com/subject/1419936/
爱乐之城	8.4	814609人评价	导演:达米恩·查泽雷DamienChazelle   主演:瑞恩·高斯林RyanGosling/...2016 / 美国 / 剧情爱情歌舞		https://movie.douban.com/subject/25934014/
谍影重重2	8.7	328911人评价	导演:保罗·格林格拉斯PaulGreengrass   主演:马特·达蒙MattDamon/...2004 / 美国德国 / 动作悬疑惊悚	谁说王家卫镜头很晃？	https://movie.douban.com/subject/1308767/
燃情岁月	8.8	269230人评价	导演:爱德华·兹威克EdwardZwick   主演:布拉德·皮特BradPitt/安东...1994 / 美国 / 剧情爱情战争西部	传奇，不是每个人都可以拥有。	https://movie.douban.com/subject/1295865/
末路狂花	8.9	220395人评价	导演:雷德利·斯科特RidleyScott   主演:吉娜·戴维斯GeenaDavis/苏...1991 / 美国英国法国 / 犯罪剧情惊悚	没有了退路，只好飞向自由。	https://movie.douban.com/subject/1291992/
火星救援	8.5	666634人评价	导演:雷德利·斯科特RidleyScott   主演:马特·达蒙MattDamon/杰西卡...2015 / 英国美国匈牙利约旦 / 剧情科幻冒险		https://movie.douban.com/subject/25864085/
阿飞正传	8.5	471899人评价	导演:王家卫KarWaiWong   主演:张国荣LeslieCheung/张曼玉MaggieC...1990 / 中国香港 / 犯罪剧情爱情	王家卫是一种风格，张国荣是一个代表。	https://movie.douban.com/subject/1305690/
再次出发之纽约遇见你	8.6	400532人评价	导演:约翰·卡尼JohnCarney   主演:凯拉·奈特莉KeiraKnightley/马克...2013 / 美国 / 喜剧爱情音乐	爱我就给我看你的播放列表。	https://movie.douban.com/subject/6874403/
谍影重重	8.6	395852人评价	导演:道格·里曼DougLiman   主演:马特·达蒙MattDamon/弗兰卡·波坦...2002 / 美国德国捷克 / 动作悬疑惊悚	哗啦啦啦啦，天在下雨，哗啦啦啦啦，云在哭泣……找自己。	https://movie.douban.com/subject/1304102/
千年女优	8.8	236537人评价	导演:今敏SatoshiKon   主演:庄司美代子MiyokoShôji/小山茉美Mam...2001 / 日本 / 动画剧情爱情	爱情是一场没有尽头的虚幻追逐。	https://movie.douban.com/subject/1307394/
海洋	9.1	151014人评价	导演:雅克·贝汉JacquesPerrin/雅克·克鲁奥德JacquesCluzaud   主演:...2009 / 法国瑞士西班牙美国阿联酋摩纳哥 / 纪录片	大海啊，不全是水。	https://movie.douban.com/subject/3443389/
朗读者	8.6	432170人评价	导演:史蒂芬·戴德利StephenDaldry   主演:凯特·温丝莱特KateWinslet...2008 / 美国德国 / 剧情爱情	当爱情跨越年龄的界限，它似乎能变得更久远一点，成为一种责任，一种水到渠成的相濡以沫。 	https://movie.douban.com/subject/2213597/
穿越时空的少女	8.6	359733人评价	导演:细田守MamoruHosoda   主演:仲里依纱RiisaNaka/石田卓也Takuya...2006 / 日本 / 剧情爱情科幻动画	爱上未来的你。 	https://movie.douban.com/subject/1937946/
香水	8.5	514496人评价	导演:汤姆·提克威TomTykwer   主演:本·卫肖BenWhishaw/艾伦·瑞克...2006 / 德国法国西班牙美国比利时 / 剧情犯罪奇幻	一个单凭体香达到高潮的男人。	https://movie.douban.com/subject/1760622/
地球上的星星	8.9	192209人评价	导演:阿米尔·汗AamirKhan   主演:达席尔·萨法瑞DarsheelSafary/阿...2007 / 印度 / 剧情儿童家庭	天使保护事件始末。	https://movie.douban.com/subject/2363506/
我爱你	9.1	154763人评价	导演:秋昌民Chang-minChoo   主演:宋在河Jae-hoSong/李顺载Soon-jae...2011 / 韩国 / 剧情爱情	你要相信，这世上真的有爱存在，不管在什么年纪 	https://movie.douban.com/subject/5908478/
完美陌生人	8.5	495987人评价	导演:保罗·格诺维瑟PaoloGenovese   主演:马可·贾利尼MarcoGiallini...2016 / 意大利 / 剧情喜剧	来啊，互相伤害啊！	https://movie.douban.com/subject/26614893/
花束般的恋爱	8.6	483421人评价	导演:土井裕泰NobuhiroDoi   主演:菅田将晖MasakiSuda/有村架纯Kasu...2021 / 日本 / 剧情爱情		https://movie.douban.com/subject/34874432/
弱点	8.7	270575人评价	导演:约翰·李·汉考克JohnLeeHancock   主演:桑德拉·布洛克SandraBu...2009 / 美国 / 剧情家庭传记运动	拍掉身上的悲伤，从今天开始重新踏上追梦之旅。	https://movie.douban.com/subject/3552028/
哈利·波特与死亡圣器(上)	8.5	508829人评价	导演:大卫·叶茨DavidYates   主演:丹尼尔·雷德克里夫DanielRadcliffe...2010 / 英国美国 / 奇幻冒险	最忠于原著的一部。	https://movie.douban.com/subject/2051007/
